{"task": "digits", "world_seed": 0, "n_classes": 10, "in_dim": 64, "out_dim": 9, "mean": [0.0, 0.003967828117311001, 0.08529779314994812, 0.1922915279865265, 0.19278281927108765, 0.09286478161811829, 0.02190696820616722, 0.0024050355423241854, 0.00011276329314569011, 0.032342441380023956, 0.16927380859851837, 0.1934591382741928, 0.16688646376132965, 0.1297285556793213, 0.03132689744234085, 0.0017782255308702588, 0.00012201409845147282, 0.04424698278307915, 0.1633574366569519, 0.10955396294593811, 0.11162454634904861, 0.12418467551469803, 0.029591664671897888, 0.0007972907624207437, 4.2360712541267276e-05, 0.0424368791282177, 0.1514262706041336, 0.13795974850654602, 0.15512323379516602, 0.12326933443546295, 0.03892771527171135, 0.00011521030683070421, 0.0, 0.03897041454911232, 0.11880411952733994, 0.14337149262428284, 0.16650034487247467, 0.1448919177055359, 0.050743646919727325, 0.0, 0.0002676250005606562, 0.026625419035553932, 0.10793492943048477, 0.11818873137235641, 0.12104680389165878, 0.1328185647726059, 0.05785126984119415, 0.0001519310026196763, 0.00037306451122276485, 0.011298136785626411, 0.12324707210063934, 0.15194474160671234, 0.14925096929073334, 0.1417120099067688, 0.06123625114560127, 0.0038274850230664015, 0.0, 0.003852557623758912, 0.09095755219459534, 0.19819000363349915, 0.1955091655254364, 0.10897054523229599, 0.03195836767554283, 0.005893472116440535], "W": [9.483642315899488e-09, -5.734422270364803e-09, -1.6637329292024106e-09, 5.605122144203278e-09, 1.1228309837463257e-08, -2.8326812007151148e-09, -3.893743993899079e-09, -9.113845678143662e-09, 1.3348891769737747e-08, 13.329718589782715, 6.666163921356201, 2.97829532623291, -15.40660285949707, 7.105627536773682, -13.746068954467773, 13.565741539001465, 8.925047874450684, -6.753170490264893, 3.2438976764678955, -2.270937442779541, 0.5482937097549438, -2.0709283351898193, 1.392313003540039, 8.579212188720703, 4.449769496917725, 3.357077121734619, -6.156689167022705, 5.124902248382568, -5.596207618713379, 0.5929616093635559, -1.0680370330810547, -0.17988920211791992, -3.5522522926330566, -2.9165728092193604, 3.8411378860473633, 2.70574951171875, 1.5731275081634521, -3.4691219329833984, 0.5111207962036133, 4.077114105224609, 0.43776658177375793, -0.7235981822013855, 1.3398587703704834, -6.124061107635498, -4.423659801483154, 5.3615946769714355, -0.5737580060958862, 2.857165575027466, 4.345948219299316, 0.16156458854675293, 2.8064396381378174, 2.1824405193328857, 2.6118061542510986, -3.104769229888916, 5.919469356536865, -5.187760353088379, 0.2577739357948303, 0.7381964325904846, -3.1539831161499023, 1.393493890762329, 1.3653823137283325, 4.053024768829346, 3.843177318572998, -15.244003295898438, 3.6283090114593506, 15.097070693969727, -3.6781086921691895, -7.248500823974609, -1.425197720527649, -1.8030916452407837, -0.7009249329566956, -15.104790687561035, 1.0988750457763672, -13.48379898071289, -62.37918472290039, 0.4189196825027466, -199.9646453857422, 11.231759071350098, -77.53449249267578, -44.93885803222656, -58.71134567260742, 1.0865548849105835, 1.244680404663086, 1.973875641822815, -0.13616809248924255, -2.044060468673706, 0.40470820665359497, -3.9565417766571045, -9.000308990478516, 2.8461506366729736, 4.557692050933838, -4.337322235107422, 3.0785024166107178, -1.1669187545776367, -0.7145878672599792, -7.134054660797119, -1.916949987411499, -4.496942043304443, -2.9231467247009277, 3.438753604888916, -4.313763618469238, 3.0006232261657715, 1.485543966293335, -0.9551696181297302, 1.2401492595672607, -0.8268523812294006, -0.29638543725013733, 0.8963705897331238, 3.3641111850738525, -4.119345664978027, 0.816980242729187, -2.811598777770996, -2.1604461669921875, 1.4585299491882324, 1.9277256727218628, 1.2224807739257812, -2.684364080429077, 3.1916005611419678, -1.4262020587921143, -0.734289288520813, -1.016422152519226, 1.2853634357452393, -0.9780439734458923, -1.58351731300354, 5.3150529861450195, -6.607504844665527, 0.854857325553894, -2.162649154663086, 1.0789172649383545, 2.235539674758911, -1.1542891263961792, -8.102760314941406, -0.8670363426208496, -5.635641098022461, -1.26274836063385, 32.28388214111328, -1.3161427974700928, 17.57124137878418, -2.5451502799987793, 15.509485244750977, -23.680601119995117, 21.837331771850586, 7.425539493560791, 10.062470436096191, -70.53541564941406, 23.890090942382812, 161.43089294433594, -74.19612884521484, 606.6172485351562, -160.31747436523438, 274.8116149902344, 39.05831527709961, -34.98286056518555, -0.17057465016841888, 0.08975230902433395, -0.24922603368759155, -1.7305793762207031, 3.7470598220825195, 2.314837694168091, 7.037558555603027, 1.0076329708099365, -3.8619229793548584, -3.4328553676605225, 2.7901358604431152, -2.8747289180755615, -0.873421311378479, 4.68465518951416, 2.5076792240142822, 8.34788703918457, -5.041278839111328, 3.660490036010742, -5.085677623748779, -0.9809390306472778, 0.36278799176216125, -1.3563575744628906, -0.09963404387235641, 1.8322455883026123, -1.4672166109085083, 2.330402135848999, -2.5085978507995605, 6.198660850524902, 7.640763282775879, 0.46822813153266907, -4.101058483123779, 3.610807180404663, -1.4882947206497192, -4.537177085876465, 3.912221908569336, -1.478458285331726, -1.1727782487869263, -1.039135217666626, 3.138888120651245, -13.79835319519043, 4.7425456047058105, -2.677410364151001, -1.6979204416275024, -2.8248066902160645, 3.160172700881958, 5.02520227432251, 5.100764751434326, -4.394822120666504, -5.38370418548584, 4.728027820587158, 1.9397674798965454, 2.1629743576049805, -1.470245122909546, 0.0681295171380043, -76.9601058959961, 30.203723907470703, 17.12457847595215, 0.9785807728767395, -43.07778549194336, 4.2476372718811035, -27.424684524536133, -13.522103309631348, -37.92394256591797, 252.23556518554688, 231.43919372558594, -185.70687866210938, 161.29815673828125, -1262.3231201171875, 317.56982421875, -729.3135375976562, 124.66947937011719, 19.268938064575195, 0.13577893376350403, -1.920588731765747, -5.582220554351807, -0.29299911856651306, -3.643519163131714, 9.382744789123535, -1.3844096660614014, 4.791261196136475, -5.329765319824219, -3.1745927333831787, -3.2478866577148438, -0.47998782992362976, 1.5786316394805908, 5.159382343292236, 2.331709861755371, -1.6962289810180664, 0.9606335163116455, -0.3612828254699707, 1.2556034326553345, -0.32814350724220276, 1.887085199356079, 1.0967035293579102, 8.384315490722656, 0.8305960893630981, 1.4916908740997314, -1.0329337120056152, -1.2680548429489136, 2.83786678314209, 1.683754324913025, 4.1134185791015625, 2.2037994861602783, -0.013349964283406734, 3.2283473014831543, 1.668129801750183, -3.884549379348755, -0.4341224431991577, 2.9457101821899414, 2.064412832260132, 2.083108425140381, 2.7907657623291016, 4.051998138427734, 0.4714265465736389, 6.136559009552002, -1.4381473064422607, -1.542232632637024, -9.679566383361816, -4.560739040374756, 5.331421852111816, -8.757938385009766, -6.93299674987793, 1.2743169069290161, -1.9037113189697266, -0.013834143988788128, 0.050671663135290146, 82.86263275146484, -36.717132568359375, -245.27500915527344, 73.23214721679688, 124.51493835449219, 168.1223602294922, -175.02137756347656, -66.3022689819336, 81.19727325439453, -2.684687139264952e-08, -2.0811366141515464e-07, 1.7005915253776038e-07, -9.512669407740759e-08, -4.615146309561169e-08, 1.2323575049322244e-07, -2.1619019463514633e-08, -1.8334954887677668e-08, -4.6584052171283474e-08, -5.618261814117432, 4.17659330368042, 4.966667652130127, 0.10699240863323212, -0.7553845643997192, -3.9581258296966553, -2.212596893310547, -2.015838861465454, -2.717886447906494, -1.1535766124725342, -3.156540632247925, -1.3422582149505615, 1.929722547531128, -2.1433446407318115, -0.588982105255127, 2.2771944999694824, -0.18178781867027283, 0.14822056889533997, 2.361297130584717, 1.784659504890442, 4.097787857055664, 0.1205412819981575, 5.677107334136963, -2.349857807159424, 1.5458991527557373, 0.6396457552909851, -0.10990078747272491, -1.8827567100524902, 